{
    "mean_dice": 0.5913229316473008,
    "details": {
        "ImageCAS_121_0000.nii.gz": 0.6410121321678162,
        "ImageCAS_122_0000.nii.gz": 0.4852631688117981,
        "ImageCAS_123_0000.nii.gz": 0.6349534392356873,
        "ImageCAS_124_0000.nii.gz": 0.5480427145957947,
        "ImageCAS_125_0000.nii.gz": 0.636603057384491,
        "ImageCAS_126_0000.nii.gz": 0.6438180804252625,
        "ImageCAS_127_0000.nii.gz": 0.6171284914016724,
        "ImageCAS_128_0000.nii.gz": 0.6009764671325684,
        "ImageCAS_129_0000.nii.gz": 0.6332852840423584,
        "ImageCAS_13_0000.nii.gz": 0.47214648127555847
    }
}