{
    "mean_dice": 0.4643642783164978,
    "details": {
        "ImageCAS_112_0000.nii.gz": 0.4681353271007538,
        "ImageCAS_113_0000.nii.gz": 0.5057048201560974,
        "ImageCAS_114_0000.nii.gz": 0.43258118629455566,
        "ImageCAS_115_0000.nii.gz": 0.5203816294670105,
        "ImageCAS_116_0000.nii.gz": 0.351698100566864,
        "ImageCAS_117_0000.nii.gz": 0.4936591386795044,
        "ImageCAS_118_0000.nii.gz": 0.5298644304275513,
        "ImageCAS_119_0000.nii.gz": 0.5214574933052063,
        "ImageCAS_120_0000.nii.gz": 0.35927271842956543,
        "ImageCAS_12_0000.nii.gz": 0.46088793873786926
    }
}